Rank,Nation,Gold,Silver,Bronze,Total
1,Japan,5,1,1,7
2,ROC,4,0,4,8
3,United States,3,2,4,9
4,Cuba,2,0,1,3
5,Iran,1,1,2,4
5,Ukraine,1,1,2,4
7,Hungary,1,1,0,2
8,Germany,1,0,2,3
9,China,0,2,2,4
10,Belarus,0,2,1,3
10,Kyrgyzstan,0,2,1,3
12,Georgia,0,2,0,2
13,Azerbaijan,0,1,2,3
14,India,0,1,1,2
15,Armenia,0,1,0,1
15,Nigeria,0,1,0,1
17,Turkey,0,0,3,3
18,Bulgaria,0,0,2,2
19,Croatia,0,0,1,1
19,Egypt,0,0,1,1
19,Italy,0,0,1,1
19,Kazakhstan,0,0,1,1
19,Mongolia,0,0,1,1
19,Poland,0,0,1,1
19,San Marino,0,0,1,1
19,Uzbekistan,0,0,1,1
Totals (26 entries),Totals (26 entries),18,18,36,72
